FAMILY,SPECIES,BODY LENGTH (mm),,,,,,,,OFFSPRING SIZE  (mm),,,,,,LONGEVITY (d),,,,,,GENERATIONS PER YEAR,,,,,,FECUNDITY,,,,EXPLANATORY VARIABLES (Y/N),,,,,
,,Male,ref.,Female,ref.,Mean (m+f),ref.,Mean (?sex),ref.,1st Instar,ref.,Egg Length,ref.,Egg Width,ref.,Nymph,ref.,Adult,ref.,Total,ref.,Voltinism,ref.,Univoltine,Bivoltine,Multivoltine,Semivoltine,Clutch Size,ref.,Clutches/yr,ref.,Habitat,Diet,Mating Syst.,Ovipos'n Site,Diapause St.,Act. Period
Acrididae,Abisares viridipennis,,,,,,,,,,,4.3,9,,,,,,,,,,,,,,,55,9,,,X,,,,,
Acrididae,Acanthacris ruficornis,,,,,,,,,,,6,9,,,,,,,,,,,,,,,166,9,,,X,,,,,
Acrididae,Acanthoxia gladiator,,,,,,,97.7,7,,,5.45,9,,,,,,,,,,,,,,,35,9,,,X,,,,,
Acrididae,Acrida bicolor,,,,,,,55.2,7,,,6.0375,9,,,,,,,,,,,,,,,59.5,9,,,X,,,,,
Acrididae,Acrida conica,,,,,,,,,9.3,53,,,,,,,,,,,,,,,,,,,,,,,,,,
Acrididae,Acrida gigantea,,,,,,,,,,,4.875,10,0.625,10,,,,,,,,,,,,,58.5,10,,,,,,,,
Acrididae,Acridium fulvum,,,,,,,,,6.25,8,6.5,8,1.5,8,134,8,,,,,Univoltine,8,1,0,0,0,100,8,,,,,,X,X,
Acrididae,Acrolophitus hirtipes,,,,,,,,,,,7.11,55,1.76,55,,,,,,,,,,,,,11,55,,,,,,,,
Acrididae,Acrotylus angulatus,,,,,,,,,5,8,3.5,8,1.5,8,87,8,,,,,,,,,,,20,8,,,,,,,,
Acrididae,Acrotylus insubricus,,,,,,,,,,,,,,,,,,,,,Univoltine,7,1,0,0,0,,,,,,,,,,
Acrididae,Acrotylus patruelis,,,,,,,,,,,3.6,9,,,,,,,,,,,,,,,17,9,,,X,,,,,
Acrididae,Aeoloplides turnbulli,19.25,1,21.9,1,20.575,1,20.575,1,4.35,1,4.235,"1,55",1.26,55,55,1,,,,,Semivoltine,7,0,0,0,1,18.5,"1,55",,,X,X,,X,,X
Acrididae,Aeropedellus clavatus,17.25,1,20.25,1,18.75,1,18.75,1,6.25,1,5.05,1,,,36,1,,,,,Semivoltine,7,0,0,0,1,6.5,1,,,X,X,,X,X,
Acrididae,Afroxyrrhepes acuticercus,,,,,,,,,,,5.75,9,,,,,,,,,,,,,,,69.5,9,,,X,,,,,
Acrididae,Afroxyrrhepes procera,,,,,,,,,,,5.75,9,,,,,,,,,,,,,,,62.5,9,,,X,,,X,,
Acrididae,Ageneotettix deorum,15.85,1,22.5,1,19.175,1,19.175,1,4.9,1,4.945,"1,55",1.26,55,44,1,23,1,,,,,,,,,4.5,"1,55",,,X,,,X,X,X
Acrididae,Aiolopus longicornis,,,,,,,,,,,3.85,9,,,,,,,,,,,,,,,31,9,,,X,,,,,
Acrididae,Aiolopus thalassinus,17,2,23,2,20,2,20,2,4.65,"8,53",3.925,"8,9",1,8,64,8,,,,,Bivoltine,8,0,1,0,0,19.25,"8,9",,,X,,,,X,
Acrididae,Amblytropida mysteca,,,,,,,,,,,4.25,55,1.11,55,,,,,,,,,,,,,27,55,,,,,,,,
Acrididae,Amphitornus coloradus,19.05,1,23.25,1,21.15,1,21.15,1,6.15,1,4.95,1,,,53,1,,,,,Univoltine,1,1,0,0,0,4,1,,,X,X,,X,X,X
Acrididae,Anacridium melanorhodon,,,,,,,,,,,,,,,,,,,,,Univoltine,59,1,0,0,0,150,59,3,59,,,,,,
Acrididae,Anacridium wernerellum,,,,,,,,,,,,,,,,,,,,,Variable,59,1,1,0,0,,,,,,,,,,
Acrididae,Apotropis vittata,,,,,,,,,5.1,53,,,,,,,,,,,,,,,,,,,,,,,,,,
Acrididae,Arcyptera fusca,29.5,2,35.5,2,32.5,2,32.5,2,,,,,,,,,,,,,,,,,,,,,,,X,,,,,
Acrididae,Arcyptera microptera,20.5,2,26.5,2,23.5,2,23.5,2,,,,,,,,,,,,,,,,,,,,,,,X,,,,,
Acrididae,Arphia conspersa,20.5,1,33.5,1,27,1,27,1,5.45,1,5.175,"1,55",1.44,55,,,,,,,Semivoltine,7,0,0,0,1,18.55,"1,55",,,X,,,X,,X
Acrididae,Arphia pseudonietana,21.5,1,28.25,1,24.875,1,24.875,1,5.45,1,4.7,1,,,49,1,,,,,,,,,,,29,1,,,X,,,X,X,X
Acrididae,Arphia simplex,,,,,,,,,,,5.26,55,1.34,55,,,,,,,,,,,,,32.7,55,,,,,,,,
Acrididae,Aulocara elliotti,18.5,1,21.25,1,19.875,1,19.875,1,5.65,1,5.35,1,,,,,20,1,,,Univoltine,1,1,0,0,0,,,,,X,,,X,X,X
Acrididae,Aulocara femoratum,16.05,1,22.5,1,19.275,1,19.275,1,6.4,1,4.95,1,,,,,,,,,,,,,,,10,1,,,X,X,,X,,X
Acrididae,Austracris basalis,,,,,,,,,9.2,53,,,,,,,,,,,,,,,,,,,,,,,,,,
Acrididae,Austracris guttulosa,,,,,,,,,7.6,53,,,,,,,,,,,,,,,,,,,,,,,,,,
Acrididae,Austracris proxima,,,,,,,,,5.2,53,,,,,,,,,,,,,,,,,,,,,,,,,,
Acrididae,Austroicetes cruciata,,,,,,,,,4.2,53,,,,,,,,,,,,,,,,,,,,,,,,,,
Acrididae,Austroicetes frater,,,,,,,,,4.8,53,,,,,,,,,,,,,,,,,,,,,,,,,,
Acrididae,Austroicetes pusilla,,,,,,,,,4.2,53,,,,,,,,,,,,,,,,,,,,,,,,,,
Acrididae,Austroicetes vulgaris,,,,,,,,,5.2,53,,,,,,,,,,,,,,,,,,,,,,,,,,
Acrididae,Bermiella acuta,,,,,,,,,6.1,53,,,,,,,,,,,,,,,,,,,,,,,,,,
Acrididae,Bermius brachycerus,,,,,,,,,5.9,53,,,,,,,,,,,,,,,,,,,,,,,,,,
Acrididae,Boopedon gracile,,,,,,,,,,,6.39,55,1.58,55,,,,,,,,,,,,,30.6,55,,,,,,,,
Acrididae,Boopedon nubilum,22.25,1,37,1,29.625,1,29.625,1,7.25,1,7.1,1,,,32.67,1,62,1,,,,,,,,,50,1,,,X,,,X,X,
Acrididae,Bootettix argentatus,,,,,,,,,,,4.7,55,1.2,55,,,,,,,,,,,,,,,,,,,,,,
Acrididae,Brachyexarna lobipennis,,,,,,,,,5.3,53,,,,,,,,,,,,,,,,,,,,,,,,,,
Acrididae,Bruneria bruneria,15,1,19.75,1,17.375,1,17.375,1,6.2,1,5.95,1,,,43,1,,,,,,,,,,,6,1,,,X,,,,,
Acrididae,Bryodema tuberculata,28.5,2,34,2,31.25,2,31.25,2,,,,,,,,,,,,,,,,,,,,,,,X,,,,,
Acrididae,Buforania crassa,,,,,,,,,6.9,53,,,,,,,,,,,,,,,,,,,,,,,,,,
Acrididae,Caledia captiva,,,,,,,,,5.2,53,,,,,,,,,,,,,,,,,,,,,,,,,,
Acrididae,Calephorops virdis,,,,,,,,,4.567,53,,,,,,,,,,,,,,,,,,,,,,,,,,
Acrididae,Calliptamus italicus,19,2,28.5,2,23.75,2,23.75,2,,,,,,,,,,,,,,,,,,,,,,,X,,,,,
Acrididae,Camnula pellucida,20.5,1,23.5,1,22,1,22,1,4.85,1,4.89,"1,55",1.37,55,33,1,60.25,"1,56",93.25,c,Univoltine,1,1,0,0,0,21.15,"1,55",7.95,"1,56",X,,,X,X,X
Acrididae,Campylacantha olivacea,,,,,,,,,,,4.23,55,1.09,55,,,,,,,,,,,,,43,55,,,,,,,,
Acrididae,Cataloipus oberthuri,,,,,,,,,,,5.717,9,,,,,,,,,,,,,,,62.5,9,,,X,,,,X,
Acrididae,Catantops melanostictus,,,,,,,,,,,3.85,9,,,,,,,,,,,,,,,50,9,,,X,,,,,
Acrididae,Cedarinia limbatella,,,,,,,,,6.5,53,,,,,,,,,,,,,,,,,,,,,,,,,,
Acrididae,Ceracris deflorata,,,,,,,,,,,4.875,10,,,,,,,,,,,,,,,18,10,,,,,,X,,
Acrididae,Cirphula pyrrhocnemis,,,,,,,,,5.1,53,,,,,,,,,,,,,,,,,,,,,,,,,,
Acrididae,Chloroplus cactocaetes,,,,,,,,,,,4.07,55,1.07,55,,,,,,,,,,,,,9.5,55,,,,,,,,
Acrididae,Choroedocus capensis,37.5,52,60.2,52,48.85,52,48.85,52,8,52,5.4,10,,,76.75,52,,,,,Univoltine,52,1,0,0,0,79.5,10,,,,,,,,
Acrididae,Chorthippus albomarginatus,14,2,19.5,2,16.75,2,16.75,2,,,,,,,,,,,,,,,,,,,,,,,X,,,X,,
Acrididae,Chorthippus apricarius,14.5,2,19,2,16.75,2,16.75,2,,,,,,,,,,,,,,,,,,,,,,,X,,,X,,
Acrididae,Chorthippus biguttulus,14,2,19.5,2,16.75,2,16.75,2,,,,,,,,,,,,,,,,,,,,,,,X,,,X,,
Acrididae,Chorthippus brunneus,16,2,22,2,19,2,19,2,,,,,,,,,36.5,7,,,Univoltine,50,1,0,0,0,,,,,X,,,,,
Acrididae,Chorthippus curtipennis,15.65,1,21.65,1,18.65,1,18.65,1,6.15,1,4.2,1,,,30,1,,,,,Semivoltine,7,0,0,0,1,5,1,,,X,X,,X,X,X
Acrididae,Chorthippus dorsatus,16,2,22,2,19,2,19,2,,,,,,,,,,,,,,,,,,,,,,,X,,,X,,
Acrididae,Chorthippus mollis,13.25,2,18,2,15.625,2,15.625,2,,,,,,,,,,,,,,,,,,,,,,,X,,,X,,
Acrididae,Chorthippus parallelus,14.5,2,20,2,17.25,2,17.25,2,,,,,,,,,,,,,,,,,,,,,,,X,,,X,,
Acrididae,Chorthippus pullus,14.5,2,20,2,17.25,2,17.25,2,,,,,,,,,,,,,,,,,,,,,,,X,,,,,
Acrididae,Chorthippus vagans,13.5,2,19,2,16.25,2,16.25,2,,,,,,,,,,,,,,,,,,,,,,,X,,,,,
Acrididae,Chortoicetes terminifera,,,,,,,,,5,53,,,,,,,,,,,Variable,"1,59",0,1,1,0,,,,,,,,,,
Acrididae,Chortophaga viridifasciata,19.2,1,27,1,23.1,1,23.1,1,6.85,1,4.25,1,,,,,,,,,Variable,"1,7",1,1,1,0,24.01,"1,55",,,X,,,X,X,X
Acrididae,Chrysocharon brachypterus,15,2,22,2,18.5,2,18.5,2,,,,,,,,,,,,,,,,,,,5.5,1,,,X,,,X,,
Acrididae,Chrysochraon dispar,17.5,2,26,2,21.75,2,21.75,2,,,,,,,,,,,,,,,,,,,,,,,X,,,X,,
Acrididae,Collitera variegata,,,,,,,,,5.2,53,,,,,,,,,,,,,,,,,,,,,,,,,,
Acrididae,Cordillacris crenulata,12.5,1,15.5,1,14,1,14,1,5.25,1,5.25,1,,,36,1,,,,,,,,,,,2.5,1,,,X,,,,X,X
Acrididae,Cordillacris occipitalis,17.5,1,22.25,1,19.875,1,19.875,1,5.6,1,5,1,,,,,,,,,,,,,,,2.5,1,,,X,X,,X,X,X
Acrididae,Coryphistes ruricola,,,,,,,,,6.5,53,,,,,,,,,,,,,,,,,,,,,,,,,,
Acrididae,Crucinotacris werneriana,,,,,,,,,,,3.7,9,,,,,,,,,,,,,,,14.5,9,,,X,,,,,
Acrididae,Cryptobothrus chrysophorus,,,,,,,,,4.5,53,,,,,,,,,,,,,,,,,,,,,,,,,,
Acrididae,Cyrtacanthacris aeruginosa,,,,,,,,,,,6.925,9,,,,,,,,,,,,,,,108.5,9,,,X,,,,,
Acrididae,Dactylotum bicolor,,,,,,,,,,,5.27,55,1.45,55,,,,,,,,,,,,,13.85,55,,,,,,,,
Acrididae,Derotmema haydeni,16.25,1,22.5,1,19.375,1,19.375,1,4.25,1,4.45,"1,55",1.12,55,40,1,,,,,Univoltine,1,1,0,0,0,14.25,"1,55",,,X,,,X,,X
Acrididae,Diabolocatantops axillaris,,,,,,,43.6,7,,,5.05,1,,,,,,,,,,,,,,,49.5,9,,,X,,,,,
Acrididae,Dichromorpha viridis,,,,,,,,,,,4.56,55,1.09,55,,,,,,,,,,,,,26.8,55,,,,,,,,
Acrididae,Dichroplus maculipennis ,,,,,,,,,,,,,,,,,52.7,51,,,Univoltine,51,1,0,0,0,24.65,51,2.47,51,,,,,,
Acrididae,Dissosteira carolina,30.5,1,37.75,1,34.125,1,34.125,1,6.75,1,5.3,1,,,47.5,1,,,,,,,,,,,53.5,1,,,X,X,X,X,,X
Acrididae,Dissosteira longipennis,33,1,40,1,36.5,1,36.5,1,7.8,1,5,1,,,44.5,1,,,,,,,,,,,65,1,,,X,,,X,,X
Acrididae,Dnopherula pictipes,,,,,,,,,,,3.65,9,,,,,,,,,,,,,,,19,9,,,X,,,,,
Acrididae,Dociostaurus maroccanus,,,,,,,,,,,,,,,,,,,,,Univoltine,59,1,0,0,0,25,59,,,,,,,,
Acrididae,Duronia chloronata,,,,,,,,,,,4.7,9,,,,,,,,,,,,,,,33,9,,,X,,,,,
Acrididae,Ecphantus quadrilobus,,,,,,,,,4.75,53,,,,,,,,,,,,,,,,,,,,,,,,,,
Acrididae,Encoptolophus costalis,16.75,1,23.5,1,20.125,1,20.125,1,4.6,1,4.2,1,,,61,1,,,,,Variable,1,1,1,0,0,17,1,,,X,,,X,,X
Acrididae,Encoptolophus sordidus,,,,,,,,,,,3.94,55,1,55,,,,,,,,,,,,,16.4,55,,,,,,,,
Acrididae,Eritettix abortivus,,,,,,,,,,,3.58,55,1.2,55,,,,,,,,,,,,,12,55,,,,,,,,
Acrididae,Eritettix simplex,15.75,1,22.75,1,19.25,1,19.25,1,7.05,1,4.4,1,,,273.8,1,,,,,,,,,,,18,1,,,X,,,X,,X
Acrididae,Eumecistes gratiosus,,,,,,,,,6.7,53,,,,,,,,,,,,,,,,,,,,,,,,,,
Acrididae,Exopropacris decipiens,,,,,,,,,,,5.6,9,,,,,,,,,,,,,,,19,9,,,X,,,,,
Acrididae,Eyprepocnemis capitatus,,,,,,,,,,,5.45,9,,,,,,,,,,,,,,,55,9,,,X,,,,,
Acrididae,Eyprepocnemis roseus,19,52,27,52,23,52,23,52,4.05,52,5.15,10,,,46.25,52,,,,,,,,,,,14,10,,,,,,X,,
Acrididae,Faureia milajica,,,,,,,,,,,4.75,9,,,,,,,,,,,,,,,11.5,9,,,X,,,,,
Acrididae,Fipurga crassa,,,,,,,,,5.3,53,,,,,,,,,,,,,,,,,,,,,,,,,,
Acrididae,Froggattina australis,,,,,,,,,4.8,53,,,,,,,,,,,,,,,,,,,,,,,,,,
Acrididae,Gastrimargus africanus,25.85,52,37.5,52,31.675,52,31.675,52,,,4.75,9,,,,,,,,,Variable,52,1,1,0,0,50,9,,,X,,,,,
Acrididae,Gastrimargus marmoratus,29.5,52,43.75,52,36.625,52,36.625,52,,,4.875,10,,,,,,,,,Bivoltine,52,0,1,0,0,84,10,,,,,,X,,
Acrididae,Gastrimargus musicus,,,,,,,,,5.5,53,,,,,,,,,,,,,,,,,,,,,,,,,,
Acrididae,Gymnobothrus gracilis,,,,,,,,,,,3.7,9,,,,,,,,,,,,,,,11,9,,,X,,,,,
Acrididae,Gymnobothrus temporalis,,,,,,,,,,,3.7,9,,,,,,,,,,,,,,,11,9,,,X,,,,,
Acrididae,Gomphoceripppus rufus,15,2,20.5,2,17.75,2,17.75,2,,,,,,,,,,,,,,,,,,,,,,,X,,,X,,
Acrididae,Gomphocerus sibiricus,20.5,2,22,2,21.25,2,21.25,2,,,,,,,,,,,,,Univoltine,7,1,0,0,0,,,,,X,,,,,
Acrididae,Goniaea australasiae,,,,,,,,,7,53,,,,,,,,,,,,,,,,,,,,,,,,,,
Acrididae,Goniaea opomaloides,,,,,,,,,7.65,53,,,,,,,,,,,,,,,,,,,,,,,,,,
Acrididae,Goniaea vocans,,,,,,,,,7.1,53,,,,,,,,,,,,,,,,,,,,,,,,,,
Acrididae,Goniaeoidea rufotestacea,,,,,,,,,6.2,53,,,,,,,,,,,,,,,,,,,,,,,,,,
Acrididae,Hadrotettix trifasciatus,26,1,31.75,1,28.875,1,28.875,1,7.8,1,7.34,"1,55",1.92,55,59,1,,,,,,,,,,,22,1,,,X,X,,X,,X
Acrididae,Heliastus subroseus,,,,,,,,,,,6.28,55,1.46,55,,,,,,,,,,,,,14.5,55,,,,,,,,
Acrididae,Hesperotettix speciosus,,,,,,,,,,,5.41,55,1.42,55,,,,,,,,,,,,,16.6,55,,,,,,,,
Acrididae,Hesperotettix virdis,20,1,21,1,20.5,1,20.5,1,5.65,1,4.955,"1,55",1.42,55,48.25,1,,,,,,,,,,,9,"1,55",,,X,X,,,,
Acrididae,Heteropternis obscurella,,,,,,,,,4.8,53,,,,,,,,,,,,,,,,,,,,,,,,,,
Acrididae,Hieroglyphodes assamensis,,,,,,,,,,,5.575,10,,,,,,,,,,,,,,,28,10,,,,,,X,,
Acrididae,Hippiscus ocelote,,,,,,,,,,,6.07,55,1.5,55,,,,,,,,,,,,,49,55,,,,,,,,
Acrididae,Humbe tenuicornis,,,,,,,,,,,5.3,9,,,,,,,,,Variable,7,1,0,1,0,29,9,,,X,,,,,
Acrididae,Hypochlora alba,15.55,1,19.5,1,17.525,1,17.525,1,5.5,1,4.36,"1,55",1.09,55,45,1,,,,,,,,,,,9.555,"1,55",,,X,X,,X,,X
Acrididae,Kosciuscola cognatus,,,,,,,,,4.8,53,,,,,,,,,,,,,,,,,,,,,,,,,,
Acrididae,Lactista azteca,,,,,,,,,,,4.27,55,1.1,55,,,,,,,,,,,,,13,55,,,,,,,,
Acrididae,Laxabilla smaragdina,,,,,,,,,4.1,53,,,,,,,,,,,,,,,,,,,,,,,,,,
Acrididae,Leptysma marginicollis,,,,,,,,,,,7.51,55,0.97,55,,,,,,,,,,,,,6.43,55,,,,,,,,
Acrididae,Locusta migratoria,,,,,,,43,2,8.3,53,6.558,"7,9",,,,,,,,,Variable,7,1,1,1,0,71.5,9,,,X,,,X,,
Acrididae,Locustana pardalina,,,,,,,,,,,,,,,,,,,,,Variable,"7,59",0,1,1,1,42,59,4.5,59,,,,,,
Acrididae,Macrotona australis,,,,,,,,,6.3,53,,,,,,,,,,,,,,,,,,,,,,,,,,
Acrididae,Macrotona securiformis,,,,,,,,,6.8,53,,,,,,,,,,,,,,,,,,,,,,,,,,
Acrididae,Mecostethus alliaceus,20,2,30,2,25,2,25,2,,,,,,,,,,,,,,,,,,,,,,,X,,,,,
Acrididae,Melanoplus alpinus,18,1,22.25,1,20.125,1,20.125,1,4.85,1,4.65,1,,,32.5,1,,,,,Semivoltine,7,0,0,0,1,10,1,,,X,,,X,X,
Acrididae,Melanoplus angustipennis,20.95,1,22.5,1,21.725,1,21.725,1,4.2,1,4.62,"1,55",1.2,55,39,1,,,,,,,,,,,16.133,"1,55",,,X,X,,X,,X
Acrididae,Melanoplus bispinosus,,,,,,,,,,,4.54,55,1.05,55,,,,,,,,,,,,,29.94,55,,,,,,,,
Acrididae,Melanoplus bivittatus,29,1,38.5,1,33.75,1,33.75,1,5.8,1,5.3,"1,55",1.33,55,40,1,,,,,Semivoltine,7,0,0,0,1,59.85,"1,55,57",8.2,57,X,X,,X,X,X
Acrididae,Melanoplus borealis,20.5,"1,58",23.475,"1,58",21.99,"1,58",21.99,"1,58",4.4,1,3.95,"1,58",1,58,41.6485,"1,58",71.467,58,113.1155,c,Semivoltine,7,0,0,0,1,14.6,"1,58",5.4,58,X,X,,X,X,
Acrididae,Melanoplus bowditchi,21.75,1,24.5,1,23.125,1,23.125,1,5,1,4.7,1,,,35,1,,,,,,,,,,,12.5,1,,,X,X,,X,,
Acrididae,Melanoplus bruneri,20,1,24.5,1,22.25,1,22.25,1,5.1,1,4.05,1,,,33,1,,,,,Semivoltine,7,0,0,0,1,21.5,1,,,X,X,,X,X,X
Acrididae,Melanoplus confusus,18.5,1,23.5,1,21,1,21,1,4.6,1,4.725,"1,55",1.37,55,43,1,,,,,Univoltine,7,1,0,0,0,11.69,"1,55",,,X,X,,X,,X
Acrididae,Melanoplus dawsoni,16.65,1,19.75,1,18.2,1,18.2,1,4.8,1,4.1,"1,55",1.11,55,43.5,1,,,,,,,,,,,10.9,"1,55",,,X,X,,,,X
Acrididae,Melanoplus devastator,20.25,1,22,1,21.125,1,21.125,1,4,1,4.15,1,,,70,1,,,,,,,,,,,25.5,1,,,X,X,,X,X,
Acrididae,Melanoplus differentialis,31.5,1,36.5,1,34,1,34,1,5.65,1,4.87,"1,55",1.21,55,32,1,,,,,Univoltine,1,1,0,0,0,108.25,"1,55",7,59,X,X,,X,X,X
Acrididae,Melanoplus dodgei,,,,,,,,,,,5.77,55,1.59,55,,,,,,,,,,,,,8,55,,,,,,,,
Acrididae,Melanoplus femurrubrum,20.25,1,26,1,23.125,1,23.125,1,4.8,1,4.32,"1,55",0.95,55,40,1,,,,,Univoltine,59,1,0,0,0,22.5,"1,55",,,X,X,,X,,X
Acrididae,Melanoplus foedus,26.5,1,30.5,1,28.5,1,28.5,1,5.4,1,4.95,1,,,37.67,1,,,,,,,,,,,23,1,,,X,X,,X,,X
Acrididae,Melanoplus gladstoni,20.75,1,22.65,1,21.7,1,21.7,1,4.1,1,4.45,1,,,56,1,,,,,Univoltine,7,1,0,0,0,22.5,1,,,X,X,,X,,X
Acrididae,Melanoplus glaucipes,,,,,,,,,,,4.26,55,1.15,55,,,,,,,,,,,,,10.58,55,,,,,,,,
Acrididae,Melanoplus infantilis,16.75,1,17.5,1,17.125,1,17.125,1,4.7,1,4.05,1,,,30.5,1,18.5,1,49,c,,,,,,,11.5,1,,,X,X,,X,,
Acrididae,Melanoplus keeleri,20.1,1,20.75,1,20.425,1,20.425,1,4.7,1,4.15,1,,,46,1,,,,,,,,,,,21,1,,,X,X,,X,,
Acrididae,Melanoplus kennicotti,16.5,1,26,1,21.25,1,21.25,1,4.95,1,4.4,1,,,33.5,1,,,,,,,,,,,12,1,,,X,X,,X,X,
Acrididae,Melanoplus lakinus,18.5,1,20.5,1,19.5,1,19.5,1,4.05,1,4.16,"1,55",1.1,55,28,1,,,,,,,,,,,21.25,1,,,X,X,,X,X,X
Acrididae,Melanoplus mexicanus,,,,,,,,,,,4.27,55,1.02,55,,,,,,,,,,,,,19.3,55,,,,,,,,
Acrididae,Melanoplus occidentalis,20.1,1,23,1,21.55,1,21.55,1,4.35,1,4.9,1,,,42.5,1,,,,,Univoltine,1,1,0,0,0,9,1,,,X,X,,X,,X
Acrididae,Melanoplus packardii,29.5,1,33.75,1,31.625,1,31.625,1,5.1,1,4.9,1,,,55,1,,,,,,,,,,,22.5,1,,,X,X,,X,X,X
Acrididae,Melanoplus plebejus,,,,,,,,,,,4.09,55,1.07,55,,,,,,,,,,,,,16.8,55,,,,,,,,
Acrididae,Melanoplus rugglesi,20,1,25.75,1,22.875,1,22.875,1,4.7,1,4.5,1,,,42,1,,,,,,,,,,,19.5,1,,,X,,,,X,X
Acrididae,Melanoplus sanguinipes,23,1,24.5,1,23.75,1,23.75,1,5,1,4.5,"1,72",1.2,72,45,1,75,72,120,c,Variable,7,1,1,0,0,21.4,"1,57",17.55,"57,59",X,X,,X,X,X
Acrididae,Melanoplus scudderi,,,,,,,,,,,4.13,55,1.04,55,,,,,,,,,,,,,23.8,55,,,,,,,,
Acrididae,Mermiria bivittata,27,1,37.65,1,32.325,1,32.325,1,9.95,1,7.12,"1,55",1.56,55,,,,,,,,,,,,,17.95,"1,55",,,X,X,,X,,X
Acrididae,Mesopsera filum,,,,,,,44.4,7,,,,,,,,,,,,,,,,,,,,,,,,,,,,
Acrididae,Mesopsis laticornis,,,,,,,,,,,5.95,9,,,,,,,,,,,,,,,30.5,9,,,X,,,,,
Acrididae,Metator pardalinus,23.5,1,32,1,27.75,1,27.75,1,6.75,1,6.62,"1,55",1.54,55,36,1,,,,,Univoltine,1,1,0,0,0,16,"1,55",,,X,X,,,X,
Acrididae,Metaxymecus gracilipes,,,,,,,,,,,4.75,9,,,,,,,,,Variable,7,1,1,0,0,34,9,,,X,,,,,
Acrididae,Miramella alpina,19.5,2,26.5,2,23,2,23,2,,,,,,,,,,,,,,,,,,,,,,,X,,,,,
Acrididae,Morphacris fasciata,,,,,,,,,,,4.55,9,,,,,,,,,,,,,,,24,9,,,X,,,,,
Acrididae,Myrmeleotettix maculatus,12,2,14.5,2,13.25,2,13.25,2,,,,,,,,,,,,,Univoltine,50,1,0,0,0,,,,,X,,,,,
Acrididae,Nebulatettix subgracilis,,,,,,,,,,,4.15,55,1.1,55,,,,,,,,,,,,,15.7,55,,,,,,,,
Acrididae,Nomadacris septemfasciata,,,,,,,,,,,5.9,9,,,,,243.3,7,,,Univoltine,7,1,0,0,0,133,9,,,X,,,,,
Acrididae,Oedaleonotus enigma,19.5,1,21.5,1,20.5,1,20.5,1,4.4,1,5,1,,,46,1,,,,,,,,,,,19,1,,,X,X,,X,X,X
Acrididae,Oedaleus abruptus,14.6,52,21.5,52,18.05,52,18.05,52,,,3.7,10,,,,,,,,,Bivoltine,52,0,1,0,0,22.5,10,,,,,,X,,
Acrididae,Oedaleus australis,,,,,,,,,4.8,53,,,,,,,,,,,,,,,,,,,,,,,,,,
Acrididae,Oedaleus nigeriensis,,,,,,,,,,,4.4,9,,,,,,,,,,,,,,,27,9,,,X,,,,,
Acrididae,Oedaleus nigrofasciatus,,,,,,,,,5.75,8,4.5,8,1.25,8,80,8,,,,,,,,,,,22.5,8,,,,,,,X,
Acrididae,Oedaleus senegalensis,,,,,,,,,,,,,,,,,,,,,Multivoltine,59,0,0,1,0,22.5,59,2.5,59,,,,,,
Acrididae,Oedipoda caerulescens,18,2,25,2,21.5,2,21.5,2,,,,,,,,,,,,,,,,,,,,,,,X,,,,,
Acrididae,Omocestus haemorrhoidalis,12,2,17.5,2,14.75,2,14.75,2,,,,,,,,,,,,,,,,,,,,,,,X,,,X,,
Acrididae,Omocestus rufipes,14.5,2,19.5,2,17,2,17,2,,,,,,,,,,,,,,,,,,,,,,,X,,,,,
Acrididae,Omocestus viridulus,15,2,22,2,18.5,2,18.5,2,,,,,,,,,,,,,Univoltine,50,1,0,0,0,,,,,X,,,,,
Acrididae,Opeia obscura,14.25,1,18.85,1,16.55,1,16.55,1,5.55,1,4.14,1,,,43,1,,,,,,,,,,,9,1,,,X,X,,X,X,X
Acrididae,Ornithacris cyanea,,,,,,,,,,,5.7,9,,,,,,,,,,,,,,,161,9,,,X,,,,,
Acrididae,Orphulella pelidna,,,,,,,,,,,4.545,55,1.15,55,,,,,,,,,,,,,8.3,55,,,,,,,,
Acrididae,Orphulella speciosa,14,1,18,1,16,1,16,1,4.55,1,3.95,"1,55",0.96,55,45,1,,,,,,,,,,,11.1,"1,55",,,X,X,,X,X,X
Acrididae,Orthacanthacris humilicrus,,,,,,,,,,,5.75,9,,,,,,,,,,,,,,,126,9,,,X,,,,,
Acrididae,Orthochtha dasycnemis,,,,,,,,,,,5.15,9,,,,,,,,,,,,,,,31.5,9,,,X,,,,,
Acrididae,Oxya japonica,25.6,52,29.1,52,27.35,52,27.35,52,6.5,5,,,,,61.967,5,70,52,131.967,c,,,,,,,24.21,5,4.95,5,,X,,,,
Acrididae,Oxycatantops adustus,,,,,,,,,,,5.55,9,,,,,,,,,,,,,,,52.5,9,,,X,,,,,
Acrididae,Paracinema tricolor,,,,,,,,,,,4.35,9,,,,,,,,,Multivoltine,7,0,0,1,0,96.5,9,,,X,,,,,
Acrididae,Parahieroglyphus bilineatus,,,,,,,,,,,4.15,10,,,,,,,,,,,,,,,34,10,,,,,,X,,
Acrididae,Pardalophora phoenicoptera,,,,,,,,,,,6.37,55,1.4,55,,,,,,,,,,,,,58.5,55,,,,,,,,
Acrididae,Paraidemona mimica,,,,,,,,,,,3.97,55,1.31,55,,,,,,,,,,,,,12,55,,,,,,,,
Acrididae,Paraidemona punctata,,,,,,,,,,,3.92,55,1.15,55,,,,,,,,,,,,,11.1,55,,,,,,,,
Acrididae,Pardillana limbata,,,,,,,,,7,53,,,,,,,,,,,,,,,,,,,,,,,,,,
Acrididae,Peakesia brunnea,,,,,,,,,5.8,53,,,,,,,,,,,,,,,,,,,,,,,,,,
Acrididae,Peakesia hospita,,,,,,,,,4.5,53,,,,,,,,,,,,,,,,,,,,,,,,,,
Acrididae,Perbellia brevialata,,,,,,,,,7.1,53,,,,,,,,,,,,,,,,,,,,,,,,,,
Acrididae,Percassa rugifrons,,,,,,,,,6.1,53,,,,,,,,,,,,,,,,,,,,,,,,,,
Acrididae,Perelytrana rana,,,,,,,,,4.9,53,,,,,,,,,,,,,,,,,,,,,,,,,,
Acrididae,Perala viridis,,,,,,,,,6.1,53,,,,,,,,,,,,,,,,,,,,,,,,,,
Acrididae,Perunga ochracea,,,,,,,,,5.1,53,,,,,,,,,,,,,,,,,,,,,,,,,,
Acrididae,Phaedrotettix accola,,,,,,,,,,,4.12,55,1.12,55,,,,,,,,,,,,,8,55,,,,,,,,
Acrididae,Phaedrotettix dumicola,,,,,,,,,,,4.25,55,1.15,55,,,,,,,,,,,,,8.8,55,,,,,,,,
Acrididae,Phaedrotettix gracilis,,,,,,,,,,,3.96,55,1.1,55,,,,,,,,,,,,,9.3,55,,,,,,,,
Acrididae,Phaeocatantops decoratus,,,,,,,,,,,4.35,9,,,,,,,,,,,,,,,37,9,,,X,,,,,
Acrididae,Phaulacridium vittatum,11.5,67,16,67,13.75,67,13.75,67,4.9,53,,,,,,,,,,,Univoltine,67,1,0,0,0,,,,,X,,,,,
Acrididae,Phlaeoba panteli,,,,,,,,,,,4.725,10,,,,,,,,,,,,,,,27,10,,,,,,X,,
Acrididae,Phlibostroma quadrimaculatum,14.75,1,20,1,17.375,1,17.375,1,5.5,1,4.99,"1,55",1.1,55,48,1,,,,,,,,,,,9.5,"1,55",,,X,X,,X,X,X
Acrididae,Phoetaliotes nebrascensis,18.6,1,21.5,1,20.05,1,20.05,1,3.45,1,4.25,1,,,55,1,,,,,,,,,,,25,1,,,X,X,,,,X
Acrididae,Pnorisa squalus,,,,,,,,,,,3.85,9,,,,,,,,,,,,,,,19,9,,,X,,,,,
Acrididae,Podisma pedestris,18,2,27,2,22.5,2,22.5,2,,,,,,,,,,,,,,,,,,,,,,,X,,,,,
Acrididae,Poecilocerastis striata,,,,,,,,,,,4.45,9,,,,,,,,,,,,,,,18,9,,,X,,,,,
Acrididae,Praxibulus insolens,,,,,,,,,6,53,,,,,,,,,,,,,,,,,,,,,,,,,,
Acrididae,Psinidia amplicornus,,,,,,,,,,,5.46,55,1.3,55,,,,,,,,,,,,,11.6,55,,,,,,,,
Acrididae,Psinidia fenestralis,,,,,,,,,,,5.34,55,1.3,55,,,,,,,,,,,,,,,,,,,,,,
Acrididae,Psoloessa delicatula,14,1,19,1,16.5,1,16.5,1,4.85,1,4.9,1,,,,,,,,,Semivoltine,7,0,0,0,1,18,1,,,X,,,X,X,X
Acrididae,Psoloessa texana,,,,,,,,,,,,,,,,,,,,,,,,,,,12,55,,,,,,,,
Acrididae,Psophus stridulus,24,2,33,2,28.5,2,28.5,2,,,,,,,,,,,,,,,,,,,,,,,X,,,,,
Acrididae,Pycnostictus seriatus,,,,,,,,,4.9,53,,,,,,,,,,,,,,,,,,,,,,,,,,
Acrididae,Qualetta maculata,,,,,,,,,6.3,53,,,,,,,,,,,,,,,,,,,,,,,,,,
Acrididae,Rectitropis australis,,,,,,,,,8.4,53,,,,,,,,,,,,,,,,,,,,,,,,,,
Acrididae,Rhammatocerus schistocercoides,,,,,,,,,,,,,,,,,,,,,Univoltine,72,1,0,0,0,,,,,,,,,,
Acrididae,Rhaphotittha leai,,,,,,,,,,,4,9,,,,,,,,,,,,,,,16,9,,,X,,,,,
Acrididae,Schistocerca americana,,,,,,,,,6.5,61,7.015,"55,61",1.37,55,,,,,,,Bivoltine,7,0,1,0,0,108,55,,,,,,X,X,
Acrididae,Schistocerca cancella,,,,,,,,,,,,,,,33.24,70,88.7,70,136.94,70,Variable,59,1,1,1,0,73,59,,,,,,,,
Acrididae,Schistocerca gregaria,,,,,,,,,,,7.22,65,,,,,,,,,Multivoltine,59,0,0,1,0,62.627,"59,65",2.5,59,,,,,,
Acrididae,Schistocerca lineata,,,,,,,,,,,6.09,55,1.5,55,,,,,,,,,,,,,85.6,55,,,,,,,,
Acrididae,Schistocerca piceifrons,,,,,,,,,,,,,,,,,,,,,Bivoltine,59,0,1,0,0,,,,,,,,,,
Acrididae,Schizobothrus flavovittatus,,,,,,,,,6.2,53,,,,,,,,,,,,,,,,,,,,,,,,,,
Acrididae,Spathosternum prasiniferum,14.8,52,19.7,52,17.25,52,17.25,52,,,4.1,10,,,,,,,,,Bivoltine,52,0,1,0,0,22.5,10,,,,,,X,,
Acrididae,Spharagemon collare,22.25,1,26,1,24.125,1,24.125,1,5.15,1,5.1,1,,,42,1,,,,,,,,,,,24.75,"1,55",,,X,X,,X,,X
Acrididae,Spharagemon equale,25.4,1,31,1,28.2,1,28.2,1,5.2,1,5.25,1,,,55,1,,,,,,,,,,,25,1,,,X,X,,X,,X
Acrididae,Sphingonotus caerulans,20,2,25.5,2,22.75,2,22.75,2,,,,,,,,,,,,,,,,,,,,,,,X,,,,,
Acrididae,Stauroderus scalaris,19.5,2,25,2,22.25,2,22.25,2,,,,,,,,,,,,,,,,,,,,,,,X,,,,,
Acrididae,Stenoborthus lineatus,17,2,23.5,2,20.25,2,20.25,2,,,,,,,,,,,,,Univoltine,50,1,0,0,0,,,,,X,,,X,,
Acrididae,Stenoborthus nigromaculatus,15.5,2,21.5,2,18.5,2,18.5,2,,,,,,,,,,,,,,,,,,,,,,,X,,,,,
Acrididae,Stenoborthus stigmaticus,13,2,17.5,2,15.25,2,15.25,2,,,,,,,,,,,,,,,,,,,,,,,X,,,,,
Acrididae,Stethophyma grossum,18.5,2,32.5,2,25.5,2,25.5,2,,,,,,,,,,,,,,,,,,,,,,,X,,,X,,
Acrididae,Stropis maculosa,,,,,,,,,6.9,53,,,,,,,,,,,,,,,,,,,,,,,,,,
Acrididae,Syrbula admirabilis,,,,,,,,,4.69,55,1.1,55,,,,,,,,,,,,,,,41.8,55,,,,,,,,
Acrididae,Syrbula montezuma,,,,,,,,,4.85,55,1.13,55,,,,,,,,,,,,,,,40,55,,,,,,,,
Acrididae,Trachyrhachys aspera,17,1,23.65,1,20.325,1,20.325,1,5.4,1,4.9,1,,,51,1,,,,,,,,,,,,,,,X,X,,X,,X
Acrididae,Trachyrhachys kiowa,16.5,1,20.5,1,18.5,1,18.5,1,4.15,1,4.575,"1,55",1.19,55,45,1,,,,,Univoltine,1,1,0,0,0,12.85,"1,55",,,X,X,,X,,X
Acrididae,Trilophidia conturbata,,,,,,,,,3.4,8,3.825,"8,9",1.1,8,,,,,,,Bivoltine,8,0,1,0,0,18,"8,9",,,X,,,,,
Acrididae,Trimerotropis pallidipennis,22.25,1,30,1,26.125,1,26.125,1,5.7,1,4.75,1,,,55,1,80,1,135,c,,,,,,,37,"1,55",,,X,X,,X,,
Acrididae,Tolgadia bivittata,,,,,,,,,5.1,53,,,,,,,,,,,,,,,,,,,,,,,,,,
Acrididae,Tristria pallida,,,,,,,,,,,4.15,9,,,,,,,,,,,,,,,17.5,9,,,X,,,,,
Acrididae,Truxalis burtti,,,,,,,,,,,6.5,9,,,,,,,,,,,,,,,23.5,9,,,X,,,,,
Acrididae,Tylotropidius didymus,,,,,,,,,,,5.6,9,,,,,,,,,,,,,,,41.5,9,,,X,,,,,
Acrididae,Urnisa guttulosa,,,,,,,,,5.6,53,,,,,,,,,,,,,,,,,,,,,,,,,,
Acrididae,Valanga irregularis,,,,,,,,,8.5,53,,,,,,,,,,,,,,,,,,,,,,,,,,
Acrididae,Xanthippus corallipes,27,1,38,1,32.5,1,32.5,1,5.35,1,6.045,"1,55",1.41,55,,,,,,,Univoltine,7,1,0,0,0,53,"1,55",,,X,,,X,X,X
Acrididae,Xenocatantops humilis,22.05,52,31.75,52,26.9,52,26.9,52,,,3.95,10,,,91.25,52,,,,,,,,,,,27,10,,,,,,X,,
Acrididae,Zebratula flavonigra,,,,,,,,,4.6,53,,,,,,,,,,,,,,,,,,,,,,,,,,
Anostostomatidae,Anisoura nicobarica,,,,,,,21.5,23,,,,,,,,,,,,,,,,,,,,,,,,,,,,
Anostostomatidae,Cratomelus armatus,,,,,,,,,,,3.5,23,,,,,,,,,,,,,,,,,,,X,X,,,,
Anostostomatidae,Deinacrida carinata,,,,,,,40,23,,,,,,,,,,,,,,,,,,,,,,,,,,,,
Anostostomatidae,Deinacrida connectens,,,,,,,45,23,,,,,,,,,,,,,,,,,,,,,,,X,,,,,
Anostostomatidae,Deinacrida fallai,,,,,,,,,,,0.7,23,2.5,23,395.4,24,279,24,674.4,c,,,,,,,27,24,,,,,,X,,X
Anostostomatidae,Deinacrida heteracantha,,,,,,,55,16,,,0.7,23,,,547.5,24,175.5,24,723,c,,,,,,,27,24,,,X,,,X,X,X
Anostostomatidae,Deinacrida mahoenui,,,,,,,,,,,7.5,62,2.75,62,,,169,62,1095,62,Multivoltine,62,0,0,1,0,,,,,X,,,X,,X
Anostostomatidae,Deinacrida parva,,,,,,,28,16,,,,,,,,,,,,,,,,,,,,,,,,,,,,X
Anostostomatidae,Deinacrida pluvialis,,,,,,,54,23,,,,,,,,,,,,,,,,,,,,,,,X,,,,,
Anostostomatidae,Deinacrida rugosa,51,16,58,16,54.5,16,54.5,16,,,6.7,23,,,,,,,,,,,,,,,,,,,,,,,,X
Anostostomatidae,Deinacrida talpa,,,,,,,49,23,,,,,,,,,,,,,,,,,,,,,,,X,,,,,
Anostostomatidae,Deinacrida tibiospina,,,,,,,33,23,,,,,,,,,,,,,,,,,,,,,,,X,,,,,
Anostostomatidae,Hemiandrus electra,18.15,13,21.25,13,19.7,13,19.7,13,,,,,,,,,,,,,,,,,,,,,,,,,,,,
Anostostomatidae,Hemiandrus maia,20.75,13,22.7,13,21.725,13,21.725,13,,,,,,,,,,,,,,,,,,,,,,,,,,,,X
Anostostomatidae,Hemiandrus pallitarsis,,,,,,,,,,,,,,,,,,,,,,,,,,,45.1,14,,,X,,,,,X
Anostostomatidae,Hemideina armiger,,,,,,,40,16,,,,,,,,,,,,,,,,,,,,,,,,,,,,
Anostostomatidae,Hemideina broughi,,,,,,,85,23,,,,,,,,,,,,,,,,,,,,,,,X,,,,,
Anostostomatidae,Hemideina crassidens,,,,,,,,,,,4.455,23,,,,,,,,,,,,,,,,,,,,,,,,
Anostostomatidae,Hemideina femorata,,,,,,,40,16,,,,,,,,,,,,,,,,,,,,,,,,,,,,
Anostostomatidae,Hemideina maculifrons,,,,,,,,,,,3.1,23,,,,,,,,,,,,,,,,,,,,,,,,
Anostostomatidae,Hemideina maori,,,,,,,25,16,,,,,,,,,212,15,,,,,,,,,,,,,X,,,,,X
Anostostomatidae,Hemideina megacephala,,,,,,,40,16,,,,,,,,,,,,,,,,,,,,,,,X,,,,,
Anostostomatidae,Hemideina ricta,,,,,,,40,16,,,5.91,23,,,,,,,,,,,,,,,,,,,,,,,,
Anostostomatidae,Hemideina subantarcticus,,,,,,,,,,,4.03,23,,,,,,,,,,,,,,,,,,,,,,,,
Anostostomatidae,Hemideina thoracica,,,,,,,33,16,,,,,,,,,,,,,,,,,,,,,,,X,,,,,
Anostostomatidae,Motuweta isolata,,,,,,,70,23,,,,,,,,,,,,,,,,,,,,,,,X,,,,,X
Cooloolidae,Cooloola dingo,20.5,11,32.8,11,26.65,11,26.65,11,,,,,,,,,,,,,,,,,,,,,,,,X,,,,
Cooloolidae,Cooloola pearsoni,21,12,,,,,21,12,,,,,,,,,,,,,,,,,,,,,,,,,,,,
Cooloolidae,Cooloola propator,26,11,,,,,26,11,,,,,,,,,,,,,,,,,,,,,,,,,,,,
Cooloolidae,Cooloola ziljan,31.42,11,34.6,11,33.01,1,33.01,11,,,4.54,12,,,,,,,,,,,,,,,,,,,X,,,,,
Cylindrachetidae,Cylindracheta campbellii,72.5,27,74,27,73.25,27,73.25,27,,,,,,,,,,,,,,,,,,,,,,,,,,,,
Cylindrachetidae,Cylindraustralia arenivaga,46,27,47,27,46.5,27,46.5,27,,,,,,,,,,,,,,,,,,,,,,,,,,,,
Cylindrachetidae,Cylindraustralia centricola,36.5,27,35,27,35.75,27,35.75,27,,,,,,,,,,,,,,,,,,,,,,,,,,,,
Cylindrachetidae,Cylindraustralia cookensis,44,27,,,,,44,27,,,,,,,,,,,,,,,,,,,,,,,,,,,,
Cylindrachetidae,Cylindraustralia granulata,49,27,58.5,27,53.75,27,53.75,27,,,,,,,,,,,,,,,,,,,,,,,,,,,,
Cylindrachetidae,Cylindraustralia karumbensis,43,27,,,,,43,27,,,,,,,,,,,,,,,,,,,,,,,,,,,,
Cylindrachetidae,Cylindraustralia kochii,50,27,55.5,27,52.75,27,52.75,27,,,,,,,,,,,,,,,,,,,,,,,,,,,,
Cylindrachetidae,Cylindraustralia longaeva,,,56,27,,,25,27,,,,,,,,,,,,,,,,,,,,,,,,,,,,
Cylindrachetidae,Cylindroryctes spegazzinii,38,27,47,27,42.5,27,42.5,27,,,,,,,,,,,,,,,,,,,,,,,,,,,,
Episactidae,Episactus brunneri,13.63,21,,,,,13.63,21,,,,,,,,,,,,,,,,,,,,,,,,,,,,
Episactidae,Episactus tristani,11.1,21,16.18,21,13.64,21,13.64,21,,,,,,,,,,,,,,,,,,,,,,,,,,,,
Episactidae,Lethus nicaraguae,14.5,21,21.05,21,17.775,21,17.775,21,,,,,,,,,,,,,,,,,,,,,,,,,,,,
Episactidae,Paralethus insolitus,13.53,21,18.78,21,16.155,21,16.155,21,,,,,,,,,,,,,,,,,,,,,,,,,,,,
Episactidae,Pielomastax cladopygidium,15,20,19,20,17,20,17,20,,,,,,,,,,,,,,,,,,,,,,,,,,,,
Eumastacidae,Caenomastax bimaculata,12.5,22,12.8,22,12.65,22,12.65,22,,,,,,,,,,,,,,,,,,,,,,,,,,,,
Eumastacidae,Caenomastax insignis,14,22,15.2,22,14.6,22,14.6,22,,,,,,,,,,,,,,,,,,,,,,,X,,,,,
Eumastacidae,Caenomastax magdalensis,15,22,16,22,15.5,22,15.5,22,,,,,,,,,,,,,,,,,,,,,,,,,,,,
Eumastacidae,Caenomastax similis,12.3,22,13.9,22,13.1,22,13.1,22,,,,,,,,,,,,,,,,,,,,,,,,,,,,
Gryllacrididae,Arrolla rotamah,,,,,,,,,,,,,,,,,,,,,,,,,,,45,23,,,,,,,,
Gryllacrididae,Pareremus callabonnensis,,,,,,,,,,,,,,,,,,,,,,,,,,,35.5,23,,,,,,,,
Gryllidae,Acheta domesticus,,,,,,,18,2,,,,,,,,,,,,,,,,,,,,,,,X,X,,,,
Gryllidae,Gryllus campestris,,,,,,,23,2,,,,,,,,,,,,,,,,,,,,,,,X,,,,,
Gryllidae,Gryllus firmus,,,,,,,,,,,2.77,66,,,,,,,,,,,,,,,,,,,,,,,,
Gryllidae,Gryllus integer,,,,,,,,,,,,,,,,,31.775,60,,,,,,,,,,,,,,,,,,
Gryllidae,Gryllus pennsylvanicus,,,,,,,,,,,,,,,,,32.175,60,,,,,,,,,,,,,,,,,,
Gryllidae,Modicogryllus frontalis,,,,,,,12.5,2,,,,,,,,,,,,,,,,,,,,,,,X,,,,,
Gryllidae,Myrmecophilus acervorum,,,,,,,,,,,,,,,,,,,,,,,,,,,,,,,X,X,,,,
Gryllidae,Nemobius sylvestris,,,,,,,8.5,2,,,,,,,,,,,,,,,,,,,,,,,X,,,,,
Gryllidae,Oecanthus pellucens,,,,,,,12,2,,,,,,,,,,,,,,,,,,,,,,,X,,,X,,
Gryllidae,Pteronemobius heydenii,,,,,,,6.5,2,,,,,,,,,,,,,,,,,,,,,,,X,,,,,
Gryllidae,Teleogryllus emma,,,,,,,,,,,,,,,85.356,49,,,,,Univoltine,49,1,0,0,0,,,,,,,,X,X,
Gryllotalpidae,Gryllotalpa gryllotalpa,,,,,,,,,,,,,,,,,,,,,,,,,,,,,,,X,X,,,,
Lathiceridae,Cyrpsicerus cubicus,16.6,28,,,,,16.6,28,,,,,,,,,,,,,,,,,,,,,,,X,,,,,
Lentulidae,Leatettix denticornis,12,29,,,,,12,29,,,,,,,,,,,,,,,,,,,,,,,,,,,,
Lentulidae,Leatettix derula,9.25,29,,,,,9.25,29,,,,,,,,,,,,,,,,,,,,,,,,,,,,
Lentulidae,Leatettix emole,9,29,,,,,9,29,,,,,,,,,,,,,,,,,,,,,,,,,,,,
Lentulidae,Leatettix emota,14,29,,,,,14,29,,,,,,,,,,,,,,,,,,,,,,,,,,,,
Lentulidae,Leatettix erymna,9.5,29,,,,,9.5,29,,,,,,,,,,,,,,,,,,,,,,,,,,,,
Lentulidae,Leatettix fala,12,29,,,,,12,29,,,,,,,,,,,,,,,,,,,,,,,,,,,,
Lentulidae,Leatettix laticornis,10.5,29,,,,,10.5,29,,,,,,,,,,,,,,,,,,,,,,,,,,,,
Lentulidae,Leatettix limbi,12,29,,,,,12,29,,,,,,,,,,,,,,,,,,,,,,,,,,,,
Lentulidae,Leatettix monto,11,29,,,,,11,29,,,,,,,,,,,,,,,,,,,,,,,,,,,,
Lentulidae,Leatettix moraki,14.5,29,,,,,14.5,29,,,,,,,,,,,,,,,,,,,,,,,,,,,,
Lentulidae,Leatettix nama,15,29,20,29,17.5,29,17.5,29,,,,,,,,,,,,,,,,,,,,,,,X,,,,,
Lentulidae,Leatettix nasuata,9,29,,,,,9,29,,,,,,,,,,,,,,,,,,,,,,,,,,,,
Lentulidae,Leatettix noteta,14,29,,,,,14,29,,,,,,,,,,,,,,,,,,,,,,,,,,,,
Lentulidae,Leatettix pota,11,29,,,,,11,29,,,,,,,,,,,,,,,,,,,,,,,,,,,,
Lentulidae,Leatettix ratoza,11,29,,,,,11,29,,,,,,,,,,,,,,,,,,,,,,,,,,,,
Lentulidae,Leatettix selupa,12,29,,,,,12,29,,,,,,,,,,,,,,,,,,,,,,,,,,,,
Lentulidae,Leatettix selupina,12.5,29,,,,,12.5,29,,,,,,,,,,,,,,,,,,,,,,,,,,,,
Lentulidae,Leatettix sipina,13.75,29,,,,,13.75,29,,,,,,,,,,,,,,,,,,,,,,,,,,,,
Lentulidae,Leatettix sopika,12.17,29,,,,,12.17,29,,,,,,,,,,,,,,,,,,,,,,,,,,,,
Lentulidae,Leatettix sulefa,10,29,15,29,12.5,29,12.5,29,,,,,,,,,,,,,,,,,,,,,,,,,,,,
Lentulidae,Leatettix timusa,14,29,22,29,18,29,18,29,,,,,,,,,,,,,,,,,,,,,,,,,,,,
Lentulidae,Leatettix tiono,11,29,,,,,11,29,,,,,,,,,,,,,,,,,,,,,,,,,,,,
Lentulidae,Leatettix tsaoba,10,29,,,,,10,29,,,,,,,,,,,,,,,,,,,,,,,,,,,,
Lentulidae,Leatettix ukami,11.33,29,,,,,11.33,29,,,,,,,,,,,,,,,,,,,,,,,,,,,,
Lentulidae,Leatettix vume,11.5,29,,,,,11.5,29,,,,,,,,,,,,,,,,,,,,,,,,,,,,
Lentulidae,Leatettix wigi,13,29,,,,,13,29,,,,,,,,,,,,,,,,,,,,,,,,,,,,
Lentulidae,Leatettix wotafa,12,29,,,,,12,29,,,,,,,,,,,,,,,,,,,,,,,,,,,,
Lentulidae,Leatettix zetti,11.5,29,,,,,11.5,29,,,,,,,,,,,,,,,,,,,,,,,,,,,,
Lentulidae,Leatettix zomana,12.5,29,15.75,29,14.125,29,14.125,29,,,,,,,,,,,,,,,,,,,,,,,,,,,,
Lithidiidae,Eneremius pusillus,,,,,,,,,,,,,,,,,,,,,,,,,,,,,,,,,,,,
Mastacideidae,Mastacides pterolepis,,,,,,,13.5,30,,,,,,,,,,,,,,,,,,,,,,,,,,,,
Mastacideidae,Mastacides pupaeformis,,,,,,,14,30,,,,,,,,,,,,,,,,,,,,,,,,,,,,
Mastacideidae,Mastacides vaginalis,,,,,,,14,30,,,,,,,,,,,,,,,,,,,,,,,,,,,,
Myrmecophilidae,Myrmecophilus orientalis,2.5,31,3.1,31,2.8,31,2.8,31,,,,,,,,,,,,,,,,,,,,,,,X,,,,,
Pamphagidae,Acinipe segurensis,32.5,47,40.5,47,36.5,47,36.5,47,,,,,,,,,,,,,,,,,,,,,,,X,,,,,
Pamphagidae,Acrostira euphorbiae,,,,,,,,,,,,,,,,,,,,,Univoltine,45,1,0,0,0,,,,,X,X,,,,
Pamphagidae,Eotmethis indigotibialis,26.1,46,,,,,26.1,46,,,,,,,,,,,,,,,,,,,,,,,,,,,,
Pamphagidae,Eotmethis shizuishanensis,25.95,46,33.1,46,29.525,46,29.525,46,,,,,,,,,,,,,,,,,,,,,,,,,,,,
Pamphagidae,Prionotropis hystrix,31,63,45,63,38,63,37,"48,63",,,,,,,60.83,48,45.6,48,106.43,c,Univoltine,48,1,0,0,0,16,63,1.5,48,X,X,,,X,
Pneumoridae,Bullacris membracioides,50.49,43,,,,,50.49,43,,,,,,,,,32.5,44,,,,,,,,,,,,,,,,,,X
Proscopiidae,Anchocoema bidentata,,,,,,,,,,,5.6,40,,,,,,,,,,,,,,,27.6,40,,,,,,X,X,
Proscopiidae,Astroma saltense,,,,,,,,,,,,,,,,,,,,,,,,,,,20.2,40,,,,,,X,X,
Pyrgacrididae,Pyrgacris descampsi,,,,,,,,,,,,,,,,,,,,,,,,,,,,,,,X,,,,,
Pyrgacrididae,Pyrgacris relictus,,,,,,,,,,,,,,,,,,,,,,,,,,,,,,,X,,,,,
Pyrgomorphidae,Atractomorpha australis,,,,,,,,,5.3,53,,,,,,,,,,,,,,,,,,,,,,,,,,
Pyrgomorphidae,Atractomorpha hypoestes,,,,,,,,,5.3,53,,,,,,,,,,,,,,,,,,,,,,,,,,
Pyrgomorphidae,Atractomorpha similis,,,,,,,,,4.6,53,,,,,,,,,,,,,,,,,,,,,,,,,,
Pyrgomorphidae,Aularches miliaris,45.7,52,57.8,52,51.75,52,51.75,52,8.35,52,7.125,"10,52",,,169,52,,,,,Univoltine,52,1,0,0,0,96.4,"10,52",,,,,,X,,
Pyrgomorphidae,Chrotogonus hemipterus,,,,,,,,,,,4.2,9,,,,,,,,,,,,,,,27,9,,,X,,,,,
Pyrgomorphidae,Chrotogonus homalodemus,,,,,,,21.3,7,,,,,,,,,,,,,,,,,,,,,,,,,,X,,
Pyrgomorphidae,Greyacris profundesulcata,,,,,,,,,6.9,53,,,,,,,,,,,,,,,,,,,,,,,,,,
Pyrgomorphidae,Monistria concinna,,,,,,,,,7.7,53,,,,,,,,,,,,,,,,,,,,,,,,,,
Pyrgomorphidae,Monistria pustulifera,,,,,,,,,6.9,53,,,,,,,,,,,,,,,,,,,,,,,,,,
Pyrgomorphidae,Phymateus leprosus,,,,,,,,,,,,,,,,,,,,,Semivoltine,7,0,0,0,1,,,,,,,,,,
Pyrgomorphidae,Phymateus virdipes,,,,,,,,,,,,,,,,,,,,,Semivoltine,7,0,0,0,1,,,,,,,,,,
Pyrgomorphidae,Poekilocerus pictus,,,,,,,62.3,7,,,,,,,,,,,,,,,,,,,,,,,,,,X,,
Pyrgomorphidae,Pyrgomorpha dispar,,,,,,,,,,,4.45,9,,,,,,,,,,,,,,,79.5,9,,,X,,,,,
Pyrgomorphidae,Sphenarium purpurascens,,,,,,,,,,,,,,,,,,,,,Univoltine,59,1,0,0,0,27,59,1.5,59,,,,,,
Pyrgomorphidae,Stibarosterna serrata,,,,,,,26.7,7,,,,,,,,,,,,,,,,,,,,,,,,,,,,
Pyrgomorphidae,Zonocerus elegans,32,8,42.5,8,37.25,8,37.25,8,6.75,8,,,,,75.5,8,,,,,,,,,,,,,,,,,,,,
Pyrgomorphidae,Zonocerus variegatus,,,,,,,38.525,64,10.3,64,,,,,137,64,152,c,289,64,Univoltine,59,1,0,0,0,57.5,59,6,59,,,,,,
Rhaphidophoridae,Ischyroplectron isolatum,34,16,29,16,31.5,16,31.5,16,,,,,,,,,,,,,,,,,,,,,,,X,,,,,
Rhaphidophoridae,Isoplectron armatum,,,,,,,12,16,,,,,,,,,,,,,,,,,,,,,,,,,,,,
Rhaphidophoridae,Isoplectron calcaratum,,,,,,,13,16,,,,,,,,,,,,,,,,,,,,,,,X,,,,,
Rhaphidophoridae,Macropathus huttoni,17,16,,,,,17,16,,,,,,,,,,,,,,,,,,,,,,,,,,,,
Rhaphidophoridae,Neonetus pilosus,11,16,,,,,11,16,,,,,,,,,,,,,,,,,,,,,,,X,,,,,
Rhaphidophoridae,Neonetus variegatus,,,,,,,10,16,,,,,,,,,,,,,,,,,,,,,,,X,,,,,
Rhaphidophoridae,Pachyrhamma edwardsii ,27.5,16,,,,,25.67,16,,,,,,,,,,,,,,,,,,,,,,,X,,,,,
Rhaphidophoridae,Pharmacus montanus,,,,,,,11,16,,,,,,,,,,,,,,,,,,,,,,,X,,,,,
Rhaphidophoridae,Pleioplectron diversum,,,17,16,,,17,16,,,,,,,,,,,,,,,,,,,,,,,,,,,,
Rhaphidophoridae,Pleioplectron hudsoni,12,16,,,,,12,16,,,,,,,,,,,,,,,,,,,,,,,,,,,,
Rhaphidophoridae,Pleioplectron pectinatum,15,16,,,,,15,16,,,,,,,,,,,,,,,,,,,,,,,,,,,,
Rhaphidophoridae,Pleioplectron simplex,,,,,,,16,16,,,,,,,,,,,,,,,,,,,,,,,X,,,,,
Rhaphidophoridae,Tachycines asynamorus,,,,,,,16,2,,,,,,,,,,,,,,,,,,,,,,,,,,,,X
Rhaphidophoridae,Talitropsis crassicruris,,,,,,,23,16,,,,,,,,,,,,,,,,,,,,,,,,,,,,
Rhaphidophoridae,Talitropsis irregularis,,,,,,,12,16,,,,,,,,,,,,,,,,,,,,,,,,,,,,
Rhaphidophoridae,Talitropsis sedilotti,,,,,,,16,16,,,,,,,,,,,,,,,,,,,,,,,,,,,,
Ripipterygidae,Ripipteryx diegoi,7.95,33,8.25,33,8.1,33,8.1,33,,,,,,,,,,,,,,,,,,,,,,,,,,,,
Ripipterygidae,Ripipteryx gorgonaensis,6.295,33,,,,,6.295,33,,,,,,,,,,,,,,,,,,,,,,,,,,,,
Ripipterygidae,Ripipteryx guacharoensis,7.2,33,7.4,33,7.3,33,7.3,33,,,,,,,,,,,,,,,,,,,,,,,,,,,,
Romaleidae,Acrydium latreillei,,,120,7,,,120,7,,,,,,,,,,,,,,,,,,,,,,,,,,,,
Romaleidae,Brachystola magna,47.5,1,49.75,1,48.625,1,48.625,1,11,1,10.415,"1,55",2.7,55,45,1,,,,,,,,,,,36.835,"1,55",,,X,X,,X,X,X
Romaleidae,Romalea microptera,,,,,,,,,,,,,,,55,71,108.65,71,163.65,c,Univoltine,71,1,0,0,0,63.85,71,4,71,,,,,,
Schizodactylidae,Schizodactylus minor,25.12,18,29.31,18,27.215,18,27.215,18,,,,,,,,,,,,,,,,,,,,,,,X,X,,,,X
Schizodactylidae,Schizodactylus monstrous,43.96,19,50.55,19,47.255,19,47.255,19,8.09,19,,,,,,,,,,,,,,,,,23.1,19,,,X,X,,X,,X
Stenopelmatidae,Stenopelmatopterus sartorianus,27,25,,,,,27,25,,,,,,,,,,,,,,,,,,,,,,,,,,,,
Stenopelmatidae,Stenopelmatus guatemalae,16.5,25,,,,,16.5,25,,,,,,,,,,,,,,,,,,,,,,,,,,,,
Stenopelmatidae,Stenopelmatus minor,16,25,,,,,16,25,,,,,,,,,,,,,,,,,,,,,,,,,,,,
Tanaoceridae,Mohavacris timberlakei,10,26,,,,,10,26,,,,,,,,,,,,,,,,,,,,,,,,,,,,
Tanaoceridae,Tanocerus koebelei,8.55,26,19.2,16,13.875,16,13.875,16,,,,,,,,,,,,,,,,,,,,,,,X,,,,,
Tetrigidae,Tetrix bipunctata,,,,,,,9.5,2,,,,,,,,,,,,,,,,,,,,,,,X,,,,X,
Tetrigidae,Tetrix ceperoi,,,,,,,8.5,2,,,,,,,,,,,,,,,,,,,,,,,X,,,,,
Tetrigidae,Tetrix subulata,,,,,,,9.5,2,,,,,,,,,,,,,,,,,,,30,68,,,X,,,,,
Tetrigidae,Tetrix tenuicornis,,,,,,,9,2,,,,,,,,,,,,,,,,,,,,,,,X,,,,X,
Tetrigidae,Tetrix tuerki,,,,,,,8.5,2,,,,,,,,,,,,,,,,,,,,,,,X,,,,X,
Tetrigidae,Tetrix undulata,,,,,,,9.5,2,,,,,,,,,,,,,,,,,,,,,,,X,,,,X,
Tettigoniidae,Anabrus simplex,40.5,1,45,1,42.75,1,42.75,1,7.1,1,7.5,"1,72",2.25,72,75,1,,,,,Univoltine,1,1,0,0,0,,,,,X,X,X,X,X,X
Tettigoniidae,Barbitistes constrictus,,,,,,,17,2,,,,,,,,,,,,,,,,,,,,,,,X,,,,,
Tettigoniidae,Barbitistes serricauda,,,,,,,17.5,2,,,,,,,,,,,,,,,,,,,,,,,X,,,X,,
Tettigoniidae,Conocephalus fuscus,,,,,,,14.5,2,,,6,54,0.8,54,,,,,,,,,,,,,,,,,X,,,X,,
Tettigoniidae,Conocephalus dorsalis,,,,,,,14.5,2,,,5.25,54,0.7,54,,,,,,,,,,,,,,,,,X,,,X,,
Tettigoniidae,Conocephalus nigropleurum,,,,,,,,,,,5,6,,,,,,,,,Univoltine,6,1,0,0,0,,,,,X,,,X,X,
Tettigoniidae,Decticus verrucivorus,31,2,35,2,33,2,33,2,,,5,54,2,54,,,,,,,,,,,,,,,,,X,,,X,X,
Tettigoniidae,Euconocephalus pallidus,,,,,,,,,,,,,,,,,,,,,Bivoltine,6,0,1,0,0,,,,,,,,,,
Tettigoniidae,Ephippiger ephippiger,23.5,2,27,2,25.25,2,25.25,2,,,,,,,,,,,,,,,,,,,,,,,,,,,,
Tettigoniidae,Gampsocleis glabra,,,,,,,23,2,,,,,,,,,,,,,,,,,,,,,,,X,,,,,
Tettigoniidae,Isophya pyrena,,,,,,,21,2,,,,,,,,,,,,,,,,,,,,,,,X,,,X,,
Tettigoniidae,Leptophyes albovittata,11.5,2,14,2,12.75,2,12.75,2,,,,,,,,,,,,,,,,,,,,,,,X,,,X,,
Tettigoniidae,Leptophyes punctatissima,12,2,14.5,2,14.25,2,14.25,2,,,,,,,,,,,,,,,,,,,,,,,X,,,X,,
Tettigoniidae,Lipotactes silvestris,,,,,,,,,,,,,,,,,,,,,Univoltine,6,1,0,0,0,,,,,,,,,,
Tettigoniidae,Meconema thalassinum,,,,,,,13.5,2,,,3,54,1,54,,,,,,,,,,,,,,,,,X,X,,X,,X
Tettigoniidae,Metrioptera bicolor,,,,,,,16.5,2,,,,,,,,,,,,,,,,,,,,,,,X,,,,,
Tettigoniidae,Metrioptera brachyptera,,,,,,,15,2,,,4,54,1,54,,,,,,,,,,,,,,,,,X,,,X,,
Tettigoniidae,Requena verticalis,,,,,,,,,,,,,,,,,,,,,Univoltine,73,1,0,0,0,,,,,,,,,,
Tettigoniidae,Roeseliana roeselii,,,,,,,16,2,,,4.65,54,1,54,,,,,,,,,,,,,,,,,X,,,X,,
Tettigoniidae,Mygalopsis pauperculus,,,,,,,,,,,,,,,,,,,,,,,,,,,,,,,,,X,,,
Tettigoniidae,Neoconocephalus robustus,,,,,,,,,,,,,,,,,,,,,,,,,,,,,,,,,X,,,X
Tettigoniidae,Neoconocephalus triops,,,,,,,,,,,,,,,,,,,,,Bivoltine,6,0,1,0,0,,,,,,,X,,,X
Tettigoniidae,Orchelimum gladiator,,,,,,,,,,,,,,,,,,,,,,,,,,,,,,,,,X,,,X
Tettigoniidae,Orophus conspersus,,,,,,,,,,,,,,,,,,,,,Multivoltine,6,0,0,1,0,,,,,,,,,,
Tettigoniidae,Phaneroptera falcata,,,,,,,15,2,,,,,,,,,,,,,,,,,,,,,,,X,,,X,,
Tettigoniidae,Phaneroptera nana,,,,,,,,,,,4.5,54,2.1,54,,,,,,,,,,,,,,,,,,,,,,
Tettigoniidae,Pholidoptera aptera,20.5,2,23.5,2,22,2,22,2,,,,,,,,,,,,,,,,,,,,,,,X,,,,,
Tettigoniidae,Pholidoptera griseoaptera,14,2,16.5,2,15.25,2,15.25,2,,,4.25,54,1.1,54,,,,,,,,,,,,,,,,,X,,,X,,X
Tettigoniidae,Platycleis albopunctata,,,,,,,20,2,,,4,54,1,54,,,,,,,,,,,,,,,,,X,,,X,,X
Tettigoniidae,Platycleis montana,,,,,,,16,2,,,,,,,,,,,,,,,,,,,,,,,X,,,,,
Tettigoniidae,Platycleis tessellata,,,,,,,15,2,,,,,,,,,,,,,,,,,,,,,,,X,,,X,,
Tettigoniidae,Polysarcus denticauda,,,,,,,34,2,,,,,,,,,,,,,,,,,,,,,,,X,,,,,
Tettigoniidae,Ruspolia differens,,,,,,,,,,,,,,,,,,,,,Multivoltine,6,0,0,1,0,,,,,,,,,,
Tettigoniidae,Ruspolia nitidula,,,,,,,24.5,2,,,,,,,,,,,,,,,,,,,,,,,X,,,X,,
Tettigoniidae,Stictophaula armata,,,,,,,,,,,,,,,,,,,,,Univoltine,6,1,0,0,0,,,,,,,,,,
Tettigoniidae,Tettigonia cantans,25,2,29,2,27,2,27,2,,,,,,,,,,,,,,,,,,,,,,,X,,,X,,
Tettigoniidae,Tettigonia viridissima,32,2,37,2,34.5,2,34.5,2,,,5.3,54,1.5,54,,,,,,,,,,,,,,,,,X,,X,X,X,X
Tettigoniidae,Uvarovistia zebra,,,,,,,,,,,,,,,,,,,,,Univoltine,69,1,0,0,0,,,,,,,,,,
Thericleidae,Chromothericles keniensis,9.8,34,21,34,15.4,34,15.4,34,,,,,,,,,,,,,,,,,,,,,,,X,,,,,
Thericleidae,Chromothericles manyara,9.6,34,20.5,34,15.05,34,15.05,34,,,,,,,,,,,,,,,,,,,,,,,X,,,,,
Thericleidae,Chromothericles ngongensis,9.5,34,,,,,9.5,34,,,,,,,,,,,,,,,,,,,,,,,X,,,,,
Thericleidae,Chromothericles uguenoensis,10.1,34,20.3,34,15.2,34,15.2,34,,,,,,,,,,,,,,,,,,,,,,,X,,,,,
Tridactylidae,Xya capensis,,,,,,,5.6,36,,,,,,,,,,,,,,,,,,,,,,,X,,,,,X
Tridactylidae,Xya pfaendleri,,,,,,,5,35,,,,,,,,,,,,,,,,,,,,,,,X,X,,,,
Tridactylidae,Xya variegata,,,,,,,5,35,,,,,,,,,,,,,,,,,,,,,,,X,X,,,,
Trigonidiidae,Allonemobius allardi,,,,,,,,,,,1.91,66,,,,,,,,,,,,,,,,,,,,,,,,
Trigonidiidae,Allonemobius fasciatus,,,,,,,,,,,1.83,66,,,,,,,,,,,,,,,,,,,,,,,,
Trigonidiidae,Argizala brasiliensis,10.68,37,11.48,37,11.08,37,11.08,37,,,,,,,,,,,,,,,,,,,,,,,,,,,,
Trigonidiidae,Eunemobius carolinus,,,,,,,,,,,1.75,66,,,,,,,,,,,,,,,,,,,,,,,,
Trigonidiidae,Neonemobius eurynotus,11,38,11.1,38,11.05,38,11.05,38,,,,,,,,,,,,,,,,,,,,,,,,,,,,
Tristiridae,Elasmoderus wagenknechti,25.85,20,40.05,20,32.95,20,32.95,20,,,,,,,,,,,,,,,,,,,,,,,,,,,,
Xyronotidae,Axyronotus cantralli,21.9,17,24.8,17,23.35,17,23.35,17,,,,,,,,,,,,,,,,,,,,,,,,,,,,
Xyronotidae,Xyronotus aztecus,18.55,17,27.1,17,22.825,17,22.825,17,,,,,,,,,,,,,,,,,,,,,,,,,,,,
Xyronotidae,Xyronotus cohni,19.65,17,24.7,17,22.175,17,22.175,17,,,,,,,,,,,,,,,,,,,,,,,,,,,,
Xyronotidae,Xyronotus hubbelli,22.1,17,24.8,17,23.45,17,23.45,17,,,,,,,,,,,,,,,,,,,,,,,,,,,,
